bitcoin,BTC
ethereum,ETH
binancecoin,BNB
tether,USDT
cardano,ADA
dogecoin,DOGE
xrp,XRP
polkadot,DOT1
usdcoin,USDC
uniswap,UNI3
chainlink,LINK
bitcoincash,BCH
litecoin,LTC
maticnetwork,MATIC
solana,SOL1
stellar,XLM
hex,HEX
theta,THETA
vechain,VET
ethereumclassic,ETC
eos,EOS
tron,TRX
monero,XMR
filecoinfutures,FIL
aave,AAVE
neo,NEO
kusama,KSM
iota,MIOTA
maker,MKR
bitcoinsv,BSV
cosmos,ATOM1
tezos,XTZ
cryptocomcoin,CRO
algorand,ALGO
terra,LUNA1
creditcoin,CTC1
avalanche,AVAX
bittorrent,BTT1
compound,COMP
dash,DASH
decred,DCR
hederahashgraph,HBAR
thetafuel,TFUEL
zcash,ZEC
elrond,EGLD
celsius,CEL
counosx,CCXX
nem,XEM
yearnfinance,YFI
zilliqa,ZIL
sushi,SUSHI
amp,AMP1
chiliz,CHZ
synthetixnetworktoken,SNX
waves,WAVES
trueusd,TUSD
decentraland,MANA
helium,HNT1
enjincoin,ENJ
defichain,DFI
horizen,ZEN
basicattentiontoken,BAT
qtum,QTUM
stacks,STX1
digibyte,DGB
ontology,ONT
harmony,ONE2
bitcoingold,BTG
piratechain,ARRR
thegraph,GRT2
nano,NANO
0x,ZRX
bancor,BNT
omisego,OMG
curvedaotoken,CRV
whitecoin,XWC
uma,UMA
celo,CELO
siacoin,SC
icon,ICX
ravencoin,RVN
ankr,ANKR
xinfinnetwork,XDC
voyagertoken,VGX
quant,QNT
iost,IOST
arweave,AR
bitcoindiamond,BCD
kybernetwork,KNC
nervosnetwork,CKB
lisk,LSK
loopring,LRC
verge,XVG
iexecrlc,RLC
kava,KAVA
ergo,ERG
status,SNT
vethortoken,VTHO
mirrorprotocol,MIR1
storj,STORJ
golem,GLM
maidsafecoin,MAID
fetch,FET
helleniccoin,HNC
energywebtoken,EWT
abbccoin,ABBC
gnosis,GNO
augur,REP
nkn,NKN
iotex,IOTX
serum,SRM
wax,WAXP
mco,MCO
orchid,OXT
civic,CVC
funfair,FUN
ardor,ARDR
nucypher,NU
komodo,KMD
steem,STEEM
stratis,STRAX
aragon,ANT
mediblocqrc20,MED
bandprotocol,BAND
bitshares,BTS
electroneum,ETN
monacoin,MONA
coti,COTI
hive,HIVE
havenprotocol,XHV
velas,VLX
rchain,REV
phalanetwork,PHA
ark,ARK
metal,MTL
wanchain,WAN
travalacom,AVA
reddcoin,RDD
metadium,META
populous,PPT
syscoin,SYS
melon,MLN
maro,MARO
divi,DIVI
tomochain,TOMO
trustwallettoken,TWT
bytom,BTM
sapphire,SAPP
district0x,DNT
pacglobal,PAC
adex,ADX
xenioscoin,XNC
kin,KIN
firo,FIRO
aion,AION
handshake,HNS
gas,GAS
mimblewimblecoin,MWC
sonm,SNM
newyorkexchange,NYE
bytecoin,BCN
verasity,VRA
irisnet,IRIS
chainx,PCX
crust,CRU
energi,NRG
superzero,SERO
apollocurrency,APL
beam,BEAM
thundertoken,TT
loki,LOKI
ataritoken,ATRI
greenpower,GRN
elastos,ELA
groestlcoin,GRS
efforce,WOZX
rsksmartbitcoin,RBTC
waltonchain,WTC
gxchain,GXC
aeternity,AE
steemdollars,SBD
kadena,KDA
zenon,ZNN
constellation,DAG
solve,SOLVE
nuls,NULS
beldex,BDX
axel,AXEL
pivx,PIVX
waykichain,WICC
einsteinium,EMC2
fusion,FSN
lbrycredits,LBC
nexus,NXS
nimiq,NIM
cortex,CTXC
prizm,PZM
digixdao,DGD
vsystems,VSYS
coinextoken,CET
darmacash,DMCH
nxt,NXT
terrakrw,KRT
vite,VITE
hypercash,HC
vertcoin,VTC
fioprotocol,FIO
veritaseum,VERI
dero,DERO
burst,BURST
stakenet,XSN
sparkpoint,SRK
peercoin,PPC
projectpai,PAI
platincoin,PLC
observer,OBSR
metahash,MHC
gochain,GO
massnet,MASS
skycoin,SKY
nebulas,NAS
zano,ZANO
minternetwork,BIP
zelcash,ZEL
grin,GRIN
obyte,GBYTE
namecoin,NMC
qash,QASH
tael,WABI
neblio,NEBL
salt,SALT
gamecredits,GAME
dentacoin,DCN
cutcoin,CUT
vitae,VITAE
navcoin,NAV
safextoken,SFT
gulden,NLG
viacoin,VIA
factom,FCT
aeon,AEON
quantumresistantledger,QRL
pchain,PI
validity,VAL1
metaversedualchainnetworkarchitecture,DNA1
litecoincash,LCC
dynamic,DYN
metaverseetp,ETP
truechain,TRUE
digitalnote,XDN
ringxplatform,RINGX
tenx,PAY
ondori,RSTR
metrixcoin,MRX
smartcash,SMART
particl,PART
blocknet,BLOCK
bitcoinhd,BHD
cybermiles,CMT1
bhpcoin,BHP
nervenetwork,NVT
wagerr,WGR
aidoskuneen,ADK
ubiq,UBQ
poanetwork,POA
highperformanceblockchain,HPB
achain,ACT
zynecoin,ZYN
betprotocol,BEPRO
moneroclassic,XMC
diamond,DMD
alchemypay,ACH
bitcoin2,BTC2
htmlcoin,HTML
matrixainetwork,MAN
tera,TERA
stakecubecoin,SCC3
yoyow,YOYOW
bitcore,BTX
myriad,XMY
fibos,FO
ambrosus,AMB
xaya,CHI
nix,NIX
feathercoin,FTC
singulardtv,SNGLS
aryacoin,AYA
orientwalt,HTDF
vexanium,VEX
mircoin,MIR
hycon,HYC
phore,PHR
gleec,GLEEC
internetnodetoken,INT
ghost,GHOST1
flo,FLO
blackcoin,BLK
pmeer,PMEER
quark,QRK
idena,IDNA
wings,WINGS
insightsnetwork,INSTAR
decoin,DTEP
otocash,OTO
nyzo,NYZO
gridcoin,GRC
ilcoin,ILC
stealth,XST
xtrabytes,XBY
dimecoin,DIME
nubits,USNBT
bitcoinrhodium,XRC
bitcoinpos,BPS
sonocoin,SONO1
bittube,TUBE
iocoin,IOC
curecoin,CURE
crown,CRW
vinchain,VIN
mobilego,MGO
faircoin,FAIR
bitcoinatom,BCA
polis,POLIS
oduwa,OWC
scprime,SCP
ghostprism,GHOST
nexalt,XLT
substratum,SUB
globalcryptocurrency,GCC1
asch,XAS
backpackercoin,BPC
eurekacoin,ERK
ddkoin,DDK
edgeless,EDG
microbitcoin,MBC
ouroboros,OURO
hashshare,HSS
npcoin,NPC
atbcoin,ATB
firstcoin,FRST
compoundcoin,COMP1
ecc,ECC
electra,ECA
bonorum,BONO
unobtanium,UNO
lykke,LKK
casinocoin,CSC
alias,ALIAS
flash,FLASH
nolimitcoin,NLC2
clams,CLAM
colossusxt,COLX
moac,MOAC
rubycoin,RBY
sphere,SPHR
advancedinternetblocks,AIB
mintcoin,MINT
dunenetwork,DUN
exchangeunion,XUC
shift,SHIFT
counoscoin,CCA
metacoin,MTC2
jdcoin,JDC
salus,SLS
dinastycoin,DCY
midas,MIDAS
baerchain,BRC
counterparty,XCP
largocoin,LRG
alqo,XLQ
veriblock,VBK
blockstamp,BST
